<?xml version="1.0" encoding="UTF-8"?>
<metadata xml:lang="zh"><Esri><CreaDate>20191123</CreaDate><CreaTime>11181300</CreaTime><ArcGISFormat>1.0</ArcGISFormat><SyncOnce>TRUE</SyncOnce><DataProperties><lineage><Process ToolSource="c:\program files (x86)\arcgis\desktop10.2\ArcToolbox\Toolboxes\Spatial Analyst Tools.tbx\StreamLink" Date="20191123" Time="111813">StreamLink C:\Users\hello\Desktop\HLJSRL\ash\Watershed\Temp\StlTemp C:\Users\hello\Desktop\HLJSRL\ash\Watershed\Grid\flowdir C:\Users\hello\Desktop\HLJSRL\ash\Watershed\Temp\Stl2Temp</Process></lineage></DataProperties></Esri></metadata>
