<?xml version="1.0" encoding="UTF-8"?>
<metadata xml:lang="zh"><Esri><CreaDate>20191123</CreaDate><CreaTime>11182200</CreaTime><ArcGISFormat>1.0</ArcGISFormat><SyncOnce>TRUE</SyncOnce><DataProperties><lineage><Process ToolSource="c:\program files (x86)\arcgis\desktop10.2\ArcToolbox\Toolboxes\Conversion Tools.tbx\RasterToPoint" Date="20191123" Time="111822">RasterToPoint C:\Users\hello\Desktop\HLJSRL\ash\Watershed\Temp\ExtOut C:\Users\hello\Desktop\HLJSRL\ash\Watershed\Temp\outlet.shp VALUE</Process></lineage></DataProperties></Esri></metadata>
