<PAMDataset>
  <SRS>PROJCS[&quot;Transverse_Mercator&quot;,GEOGCS[&quot;GCS_unknown&quot;,DATUM[&quot;unknown&quot;,SPHEROID[&quot;unknown&quot;,6378137.0,298.257222101]],PRIMEM[&quot;Greenwich&quot;,0.0],UNIT[&quot;Degree&quot;,0.0174532925199433]],PROJECTION[&quot;Transverse_Mercator&quot;],PARAMETER[&quot;false_easting&quot;,500000.0],PARAMETER[&quot;false_northing&quot;,0.0],PARAMETER[&quot;central_meridian&quot;,126.0],PARAMETER[&quot;scale_factor&quot;,1.0],PARAMETER[&quot;latitude_of_origin&quot;,0.0],UNIT[&quot;Meter&quot;,1.0]]</SRS>
  <PAMRasterBand band="1">
    <Description>StlTemp</Description>
    <Histograms>
      <HistItem>
        <HistMin>76311</HistMin>
        <HistMax>3815409</HistMax>
        <BucketCount>256</BucketCount>
        <IncludeOutOfRange>1</IncludeOutOfRange>
        <Approximate>0</Approximate>
        <HistCounts>1025|1043|550|808|383|247|336|307|467|62|238|216|75|37|62|84|0|28|71|214|76|0|72|54|95|56|137|17|110|80|76|0|0|0|0|0|0|0|0|0|0|0|0|0|0|0|0|0|0|0|0|0|0|0|0|228|0|2|9|59|33|0|90|0|0|0|0|0|0|0|0|0|0|0|0|0|0|0|0|0|27|76|120|142|0|0|0|0|0|0|0|0|5|88|0|100|0|17|180|0|9|93|0|11|63|41|95|32|0|0|0|0|0|0|0|0|0|0|0|0|23|63|64|0|54|0|0|0|35|27|27|0|3|0|0|67|43|35|58|0|0|0|0|0|0|0|0|0|0|0|0|0|94|0|20|30|0|38|29|65|0|0|0|0|0|0|72|0|89|80|6|0|0|107|0|0|0|0|0|0|0|0|0|0|0|0|0|0|0|0|0|0|0|0|0|0|0|0|0|0|0|0|0|0|0|0|0|0|56|0|0|0|0|0|0|26|79|75|0|0|0|0|0|33|0|0|0|0|0|0|0|0|0|0|0|0|87|0|0|53|27|17|90|44|44|2|0|14|37|0|0|0|0|160|26|1</HistCounts>
      </HistItem>
    </Histograms>
  </PAMRasterBand>
</PAMDataset>
