<PAMDataset>
  <PAMRasterBand band="1">
    <Description>ZsOut</Description>
    <Histograms>
      <HistItem>
        <HistMin>78088</HistMin>
        <HistMax>3815409</HistMax>
        <BucketCount>256</BucketCount>
        <IncludeOutOfRange>1</IncludeOutOfRange>
        <Approximate>0</Approximate>
        <HistCounts>218|627|241|339|148|428|458|0|1802|0|0|637|734|0|0|308|0|0|0|162|0|0|0|0|0|0|0|0|0|573|351|0|0|0|0|0|0|0|0|0|0|0|0|0|0|0|0|0|0|0|0|0|0|0|0|0|0|0|0|0|0|0|421|0|0|0|0|0|0|0|0|0|0|0|0|0|0|0|0|0|0|0|0|365|0|0|0|0|0|0|0|0|0|0|0|0|0|0|0|0|0|0|0|0|0|0|0|734|0|0|0|0|0|0|0|0|0|0|0|0|0|0|0|0|0|0|0|0|0|0|0|0|0|0|0|0|0|0|499|0|0|0|0|0|0|0|0|0|0|0|0|0|0|0|0|0|0|0|0|276|0|0|0|0|0|0|0|0|0|0|0|0|0|354|0|0|0|0|0|0|0|0|0|0|0|0|0|0|0|0|0|0|0|0|0|0|0|0|0|0|0|0|0|0|0|0|0|0|56|0|0|0|0|0|0|0|0|180|0|0|0|0|0|33|0|0|0|0|0|0|0|0|0|0|0|0|0|0|0|0|0|0|0|0|0|0|0|0|415|0|0|0|0|0|0|187</HistCounts>
      </HistItem>
    </Histograms>
    <Metadata>
      <MDI key="STATISTICS_SKIPFACTORX">1</MDI>
      <MDI key="STATISTICS_SKIPFACTORY">1</MDI>
    </Metadata>
  </PAMRasterBand>
</PAMDataset>
