<?xml version="1.0" encoding="UTF-8"?>
<metadata xml:lang="zh"><Esri><CreaDate>20191123</CreaDate><CreaTime>11182000</CreaTime><ArcGISFormat>1.0</ArcGISFormat><SyncOnce>TRUE</SyncOnce><DataProperties><lineage><Process ToolSource="c:\program files (x86)\arcgis\desktop10.2\ArcToolbox\Toolboxes\Spatial Analyst Tools.tbx\EqualTo" Date="20191123" Time="111820">EqualTo C:\Users\hello\Desktop\HLJSRL\ash\Watershed\Temp\ZsOut C:\Users\hello\Desktop\HLJSRL\ash\Watershed\Grid\flowacc C:\Users\hello\Desktop\HLJSRL\ash\Watershed\Temp\LogOpOut</Process></lineage></DataProperties></Esri></metadata>
