<?xml version="1.0" encoding="UTF-8"?>
<metadata xml:lang="zh"><Esri><CreaDate>20191123</CreaDate><CreaTime>11181500</CreaTime><ArcGISFormat>1.0</ArcGISFormat><SyncOnce>TRUE</SyncOnce><DataProperties><lineage><Process ToolSource="c:\program files (x86)\arcgis\desktop10.2\ArcToolbox\Toolboxes\Spatial Analyst Tools.tbx\StreamToFeature" Date="20191123" Time="111815">StreamToFeature C:\Users\hello\Desktop\HLJSRL\ash\Watershed\Grid\StreamLink C:\Users\hello\Desktop\HLJSRL\ash\Watershed\Grid\flowdir C:\Users\hello\Desktop\HLJSRL\ash\Watershed\Temp\StreamLines.shp NO_SIMPLIFY</Process><Process ToolSource="c:\program files (x86)\arcgis\desktop10.2\ArcToolbox\Toolboxes\Data Management Tools.tbx\AddField" Date="20191123" Time="111815">AddField C:\Users\hello\Desktop\HLJSRL\ash\Watershed\Temp\StreamLines.shp Subbasin Integer # # 5 # NULLABLE NON_REQUIRED #</Process><Process ToolSource="c:\program files (x86)\arcgis\desktop10.2\ArcToolbox\Toolboxes\Data Management Tools.tbx\AddField" Date="20191123" Time="111815">AddField C:\Users\hello\Desktop\HLJSRL\ash\Watershed\Temp\StreamLines.shp SubbasinR Integer # # 5 # NULLABLE NON_REQUIRED #</Process><Process ToolSource="c:\program files (x86)\arcgis\desktop10.2\ArcToolbox\Toolboxes\Data Management Tools.tbx\AddField" Date="20191123" Time="111815">AddField C:\Users\hello\Desktop\HLJSRL\ash\Watershed\Temp\StreamLines.shp AreaC DOUBLE # # 10 # NULLABLE NON_REQUIRED #</Process><Process ToolSource="c:\program files (x86)\arcgis\desktop10.2\ArcToolbox\Toolboxes\Data Management Tools.tbx\AddField" Date="20191123" Time="111816">AddField C:\Users\hello\Desktop\HLJSRL\ash\Watershed\Temp\StreamLines.shp Len2 DOUBLE # # 10 # NULLABLE NON_REQUIRED #</Process></lineage></DataProperties></Esri></metadata>
