<?xml version="1.0" encoding="UTF-8"?>
<metadata xml:lang="zh"><Esri><CreaDate>20191123</CreaDate><CreaTime>11181400</CreaTime><ArcGISFormat>1.0</ArcGISFormat><SyncOnce>TRUE</SyncOnce><DataProperties><lineage><Process ToolSource="c:\program files (x86)\arcgis\desktop10.2\ArcToolbox\Toolboxes\Spatial Analyst Tools.tbx\Plus" Date="20191123" Time="111814">Plus C:\Users\hello\Desktop\HLJSRL\ash\Watershed\Temp\Stl2Temp 256 C:\Users\hello\Desktop\HLJSRL\ash\Watershed\Grid\StreamLink</Process></lineage></DataProperties></Esri></metadata>
