<PAMDataset>
  <SRS>PROJCS[&quot;Transverse_Mercator&quot;,GEOGCS[&quot;GCS_unknown&quot;,DATUM[&quot;D_unknown&quot;,SPHEROID[&quot;unknown&quot;,6378137.0,298.257222101]],PRIMEM[&quot;Greenwich&quot;,0.0],UNIT[&quot;Degree&quot;,0.0174532925199433]],PROJECTION[&quot;Transverse_Mercator&quot;],PARAMETER[&quot;false_easting&quot;,500000.0],PARAMETER[&quot;false_northing&quot;,0.0],PARAMETER[&quot;central_meridian&quot;,126.0],PARAMETER[&quot;scale_factor&quot;,1.0],PARAMETER[&quot;latitude_of_origin&quot;,0.0],UNIT[&quot;Meter&quot;,1.0]]</SRS>
  <Metadata>
    <MDI key="DataType">Generic</MDI>
  </Metadata>
  <PAMRasterBand band="1">
    <NoDataValue>0.00000000000000E+000</NoDataValue>
  </PAMRasterBand>
</PAMDataset>
