<PAMDataset>
  <SRS>PROJCS[&quot;Transverse_Mercator&quot;,GEOGCS[&quot;GCS_unknown&quot;,DATUM[&quot;unknown&quot;,SPHEROID[&quot;unknown&quot;,6378137.0,298.257222101]],PRIMEM[&quot;Greenwich&quot;,0.0],UNIT[&quot;Degree&quot;,0.0174532925199433]],PROJECTION[&quot;Transverse_Mercator&quot;],PARAMETER[&quot;false_easting&quot;,500000.0],PARAMETER[&quot;false_northing&quot;,0.0],PARAMETER[&quot;central_meridian&quot;,126.0],PARAMETER[&quot;scale_factor&quot;,1.0],PARAMETER[&quot;latitude_of_origin&quot;,0.0],UNIT[&quot;Meter&quot;,1.0]]</SRS>
  <PAMRasterBand band="1">
    <Description>StreamLink</Description>
    <Histograms>
      <HistItem>
        <HistMin>257</HistMin>
        <HistMax>287</HistMax>
        <BucketCount>256</BucketCount>
        <IncludeOutOfRange>1</IncludeOutOfRange>
        <Approximate>0</Approximate>
        <HistCounts>187|0|0|0|0|0|0|0|10|0|0|0|0|0|0|0|0|458|0|0|0|0|0|0|0|415|0|0|0|0|0|0|0|0|33|0|0|0|0|0|0|0|159|0|0|0|0|0|0|0|0|180|0|0|0|0|0|0|0|573|0|0|0|0|0|0|0|0|240|0|0|0|0|0|0|0|56|0|0|0|0|0|0|0|0|354|0|0|0|0|0|0|0|428|0|0|0|0|0|0|0|0|276|0|0|0|0|0|0|0|343|0|0|0|0|0|0|0|0|698|0|0|0|0|0|0|0|499|0|0|0|0|0|0|0|0|539|0|0|0|0|0|0|0|44|0|0|0|0|0|0|0|0|148|0|0|0|0|0|0|0|308|0|0|0|0|0|0|0|0|241|0|0|0|0|0|0|0|351|0|0|0|0|0|0|0|0|637|0|0|0|0|0|0|0|565|0|0|0|0|0|0|0|0|49|0|0|0|0|0|0|0|162|0|0|0|0|0|0|0|0|421|0|0|0|0|0|0|0|339|0|0|0|0|0|0|0|0|734|0|0|0|0|0|0|0|365|0|0|0|0|0|0|0|0|734</HistCounts>
      </HistItem>
    </Histograms>
  </PAMRasterBand>
</PAMDataset>
