<?xml version="1.0" encoding="UTF-8"?>
<metadata xml:lang="zh"><Esri><CreaDate>20191123</CreaDate><CreaTime>11181100</CreaTime><ArcGISFormat>1.0</ArcGISFormat><SyncOnce>TRUE</SyncOnce><DataProperties><lineage><Process ToolSource="c:\program files (x86)\arcgis\desktop10.2\ArcToolbox\Toolboxes\Spatial Analyst Tools.tbx\ExtractByAttributes" Date="20191123" Time="111811">ExtractByAttributes C:\Users\hello\Desktop\HLJSRL\ash\Watershed\Grid\flowacc "value &gt;= 76308" C:\Users\hello\Desktop\HLJSRL\ash\Watershed\Temp\StlTemp</Process></lineage></DataProperties></Esri></metadata>
