<?xml version="1.0" encoding="UTF-8"?>
<metadata xml:lang="zh"><Esri><CreaDate>20191123</CreaDate><CreaTime>11181800</CreaTime><ArcGISFormat>1.0</ArcGISFormat><SyncOnce>TRUE</SyncOnce><DataProperties><lineage><Process ToolSource="c:\program files (x86)\arcgis\desktop10.2\ArcToolbox\Toolboxes\Spatial Analyst Tools.tbx\ZonalStatistics" Date="20191123" Time="111818">ZonalStatistics GPL0 VALUE C:\Users\hello\Desktop\HLJSRL\ash\Watershed\Grid\flowacc C:\Users\hello\Desktop\HLJSRL\ash\Watershed\Temp\ZsOut MAXIMUM DATA</Process></lineage></DataProperties></Esri></metadata>
